sample-id	forward-absolute-filepath	reverse-absolute-filepath
098.BI9_super	/ohta/tia.harrison/LatitudeProject/Run1and2/everything/combined/NEW_MI.M05812_0073.001.FLD0098.BI9_super_R1.fastq.gz	/ohta/tia.harrison/LatitudeProject/Run1and2/everything/combined/NEW_MI.M05812_0073.001.FLD0098.BI9_super_R2.fastq.gz
099.BN8_super	/ohta/tia.harrison/LatitudeProject/Run1and2/everything/combined/NEW_MI.M05812_0073.001.FLD0099.BN8_super_R1.fastq.gz	/ohta/tia.harrison/LatitudeProject/Run1and2/everything/combined/NEW_MI.M05812_0073.001.FLD0099.BN8_super_R2.fastq.gz
100.E5_super	/ohta/tia.harrison/LatitudeProject/Run1and2/everything/combined/NEW_MI.M05812_0073.001.FLD0100.E5_super_R1.fastq.gz	/ohta/tia.harrison/LatitudeProject/Run1and2/everything/combined/NEW_MI.M05812_0073.001.FLD0100.E5_super_R2.fastq.gz
101.MIR123_super	/ohta/tia.harrison/LatitudeProject/Run1and2/everything/combined/NEW_MI.M05812_0073.001.FLD0101.MIR123_super_R1.fastq.gz	/ohta/tia.harrison/LatitudeProject/Run1and2/everything/combined/NEW_MI.M05812_0073.001.FLD0101.MIR123_super_R2.fastq.gz
102.P2_super	/ohta/tia.harrison/LatitudeProject/Run1and2/everything/combined/NEW_MI.M05812_0073.001.FLD0102.P2_super_R1.fastq.gz	/ohta/tia.harrison/LatitudeProject/Run1and2/everything/combined/NEW_MI.M05812_0073.001.FLD0102.P2_super_R2.fastq.gz
103.STH1_super	/ohta/tia.harrison/LatitudeProject/Run1and2/everything/combined/NEW_MI.M05812_0073.001.FLD0103.STH1_super_R1.fastq.gz	/ohta/tia.harrison/LatitudeProject/Run1and2/everything/combined/NEW_MI.M05812_0073.001.FLD0103.STH1_super_R2.fastq.gz
104.U9_super	/ohta/tia.harrison/LatitudeProject/Run1and2/everything/combined/NEW_MI.M05812_0073.001.FLD0104.U9_super_R1.fastq.gz	/ohta/tia.harrison/LatitudeProject/Run1and2/everything/combined/NEW_MI.M05812_0073.001.FLD0104.U9_super_R2.fastq.gz
105.A11_super	/ohta/tia.harrison/LatitudeProject/Run1and2/everything/combined/NEW_MI.M05812_0073.001.FLD0105.A11_super_R1.fastq.gz	/ohta/tia.harrison/LatitudeProject/Run1and2/everything/combined/NEW_MI.M05812_0073.001.FLD0105.A11_super_R2.fastq.gz
106.BJ4_super	/ohta/tia.harrison/LatitudeProject/Run1and2/everything/combined/NEW_MI.M05812_0073.001.FLD0106.BJ4_super_R1.fastq.gz	/ohta/tia.harrison/LatitudeProject/Run1and2/everything/combined/NEW_MI.M05812_0073.001.FLD0106.BJ4_super_R2.fastq.gz
107.BUS135_super	/ohta/tia.harrison/LatitudeProject/Run1and2/everything/combined/NEW_MI.M05812_0073.001.FLD0107.BUS135_super_R1.fastq.gz	/ohta/tia.harrison/LatitudeProject/Run1and2/everything/combined/NEW_MI.M05812_0073.001.FLD0107.BUS135_super_R2.fastq.gz
108.G1_super	/ohta/tia.harrison/LatitudeProject/Run1and2/everything/combined/NEW_MI.M05812_0073.001.FLD0108.G1_super_R1.fastq.gz	/ohta/tia.harrison/LatitudeProject/Run1and2/everything/combined/NEW_MI.M05812_0073.001.FLD0108.G1_super_R2.fastq.gz
109.MIR138_super	/ohta/tia.harrison/LatitudeProject/Run1and2/everything/combined/NEW_MI.M05812_0073.001.FLD0109.MIR138_super_R1.fastq.gz	/ohta/tia.harrison/LatitudeProject/Run1and2/everything/combined/NEW_MI.M05812_0073.001.FLD0109.MIR138_super_R2.fastq.gz
110.P6_super	/ohta/tia.harrison/LatitudeProject/Run1and2/everything/combined/NEW_MI.M05812_0073.001.FLD0110.P6_super_R1.fastq.gz	/ohta/tia.harrison/LatitudeProject/Run1and2/everything/combined/NEW_MI.M05812_0073.001.FLD0110.P6_super_R2.fastq.gz
111.STH10_super	/ohta/tia.harrison/LatitudeProject/Run1and2/everything/combined/NEW_MI.M05812_0073.001.FLD0111.STH10_super_R1.fastq.gz	/ohta/tia.harrison/LatitudeProject/Run1and2/everything/combined/NEW_MI.M05812_0073.001.FLD0111.STH10_super_R2.fastq.gz
112.V4_super	/ohta/tia.harrison/LatitudeProject/Run1and2/everything/combined/NEW_MI.M05812_0073.001.FLD0112.V4_super_R1.fastq.gz	/ohta/tia.harrison/LatitudeProject/Run1and2/everything/combined/NEW_MI.M05812_0073.001.FLD0112.V4_super_R2.fastq.gz
113.A7_super	/ohta/tia.harrison/LatitudeProject/Run1and2/everything/combined/NEW_MI.M05812_0073.001.FLD0113.A7_super_R1.fastq.gz	/ohta/tia.harrison/LatitudeProject/Run1and2/everything/combined/NEW_MI.M05812_0073.001.FLD0113.A7_super_R2.fastq.gz
114.BL1_super	/ohta/tia.harrison/LatitudeProject/Run1and2/everything/combined/NEW_MI.M05812_0073.001.FLD0114.BL1_super_R1.fastq.gz	/ohta/tia.harrison/LatitudeProject/Run1and2/everything/combined/NEW_MI.M05812_0073.001.FLD0114.BL1_super_R2.fastq.gz
115.BUS900_super	/ohta/tia.harrison/LatitudeProject/Run1and2/everything/combined/NEW_MI.M05812_0073.001.FLD0115.BUS900_super_R1.fastq.gz	/ohta/tia.harrison/LatitudeProject/Run1and2/everything/combined/NEW_MI.M05812_0073.001.FLD0115.BUS900_super_R2.fastq.gz
116.G4_super	/ohta/tia.harrison/LatitudeProject/Run1and2/everything/combined/NEW_MI.M05812_0073.001.FLD0116.G4_super_R1.fastq.gz	/ohta/tia.harrison/LatitudeProject/Run1and2/everything/combined/NEW_MI.M05812_0073.001.FLD0116.G4_super_R2.fastq.gz
117.N3_super	/ohta/tia.harrison/LatitudeProject/Run1and2/everything/combined/NEW_MI.M05812_0073.001.FLD0117.N3_super_R1.fastq.gz	/ohta/tia.harrison/LatitudeProject/Run1and2/everything/combined/NEW_MI.M05812_0073.001.FLD0117.N3_super_R2.fastq.gz
118.P7_super	/ohta/tia.harrison/LatitudeProject/Run1and2/everything/combined/NEW_MI.M05812_0073.001.FLD0118.P7_super_R1.fastq.gz	/ohta/tia.harrison/LatitudeProject/Run1and2/everything/combined/NEW_MI.M05812_0073.001.FLD0118.P7_super_R2.fastq.gz
119.STH11_super	/ohta/tia.harrison/LatitudeProject/Run1and2/everything/combined/NEW_MI.M05812_0073.001.FLD0119.STH11_super_R1.fastq.gz	/ohta/tia.harrison/LatitudeProject/Run1and2/everything/combined/NEW_MI.M05812_0073.001.FLD0119.STH11_super_R2.fastq.gz
120.X10_super	/ohta/tia.harrison/LatitudeProject/Run1and2/everything/combined/NEW_MI.M05812_0073.001.FLD0120.X10_super_R1.fastq.gz	/ohta/tia.harrison/LatitudeProject/Run1and2/everything/combined/NEW_MI.M05812_0073.001.FLD0120.X10_super_R2.fastq.gz
121.A8_super	/ohta/tia.harrison/LatitudeProject/Run1and2/everything/combined/NEW_MI.M05812_0073.001.FLD0121.A8_super_R1.fastq.gz	/ohta/tia.harrison/LatitudeProject/Run1and2/everything/combined/NEW_MI.M05812_0073.001.FLD0121.A8_super_R2.fastq.gz
122.BL5_super	/ohta/tia.harrison/LatitudeProject/Run1and2/everything/combined/NEW_MI.M05812_0073.001.FLD0122.BL5_super_R1.fastq.gz	/ohta/tia.harrison/LatitudeProject/Run1and2/everything/combined/NEW_MI.M05812_0073.001.FLD0122.BL5_super_R2.fastq.gz
123.BUS91_super	/ohta/tia.harrison/LatitudeProject/Run1and2/everything/combined/NEW_MI.M05812_0073.001.FLD0123.BUS91_super_R1.fastq.gz	/ohta/tia.harrison/LatitudeProject/Run1and2/everything/combined/NEW_MI.M05812_0073.001.FLD0123.BUS91_super_R2.fastq.gz
124.H1_super	/ohta/tia.harrison/LatitudeProject/Run1and2/everything/combined/NEW_MI.M05812_0073.001.FLD0124.H1_super_R1.fastq.gz	/ohta/tia.harrison/LatitudeProject/Run1and2/everything/combined/NEW_MI.M05812_0073.001.FLD0124.H1_super_R2.fastq.gz
125.O1_super	/ohta/tia.harrison/LatitudeProject/Run1and2/everything/combined/NEW_MI.M05812_0073.001.FLD0125.O1_super_R1.fastq.gz	/ohta/tia.harrison/LatitudeProject/Run1and2/everything/combined/NEW_MI.M05812_0073.001.FLD0125.O1_super_R2.fastq.gz
126.Q1_super	/ohta/tia.harrison/LatitudeProject/Run1and2/everything/combined/NEW_MI.M05812_0073.001.FLD0126.Q1_super_R1.fastq.gz	/ohta/tia.harrison/LatitudeProject/Run1and2/everything/combined/NEW_MI.M05812_0073.001.FLD0126.Q1_super_R2.fastq.gz
127.STH2_super	/ohta/tia.harrison/LatitudeProject/Run1and2/everything/combined/NEW_MI.M05812_0073.001.FLD0127.STH2_super_R1.fastq.gz	/ohta/tia.harrison/LatitudeProject/Run1and2/everything/combined/NEW_MI.M05812_0073.001.FLD0127.STH2_super_R2.fastq.gz
128.Y4_super	/ohta/tia.harrison/LatitudeProject/Run1and2/everything/combined/NEW_MI.M05812_0073.001.FLD0128.Y4_super_R1.fastq.gz	/ohta/tia.harrison/LatitudeProject/Run1and2/everything/combined/NEW_MI.M05812_0073.001.FLD0128.Y4_super_R2.fastq.gz
129.A9_super	/ohta/tia.harrison/LatitudeProject/Run1and2/everything/combined/NEW_MI.M05812_0073.001.FLD0129.A9_super_R1.fastq.gz	/ohta/tia.harrison/LatitudeProject/Run1and2/everything/combined/NEW_MI.M05812_0073.001.FLD0129.A9_super_R2.fastq.gz
130.BL6_super	/ohta/tia.harrison/LatitudeProject/Run1and2/everything/combined/NEW_MI.M05812_0073.001.FLD0130.BL6_super_R1.fastq.gz	/ohta/tia.harrison/LatitudeProject/Run1and2/everything/combined/NEW_MI.M05812_0073.001.FLD0130.BL6_super_R2.fastq.gz
131.D2_super	/ohta/tia.harrison/LatitudeProject/Run1and2/everything/combined/NEW_MI.M05812_0073.001.FLD0131.D2_super_R1.fastq.gz	/ohta/tia.harrison/LatitudeProject/Run1and2/everything/combined/NEW_MI.M05812_0073.001.FLD0131.D2_super_R2.fastq.gz
132.H3_super	/ohta/tia.harrison/LatitudeProject/Run1and2/everything/combined/NEW_MI.M05812_0073.001.FLD0132.H3_super_R1.fastq.gz	/ohta/tia.harrison/LatitudeProject/Run1and2/everything/combined/NEW_MI.M05812_0073.001.FLD0132.H3_super_R2.fastq.gz
133.O10_super	/ohta/tia.harrison/LatitudeProject/Run1and2/everything/combined/NEW_MI.M05812_0073.001.FLD0133.O10_super_R1.fastq.gz	/ohta/tia.harrison/LatitudeProject/Run1and2/everything/combined/NEW_MI.M05812_0073.001.FLD0133.O10_super_R2.fastq.gz
134.Q7_super	/ohta/tia.harrison/LatitudeProject/Run1and2/everything/combined/NEW_MI.M05812_0073.001.FLD0134.Q7_super_R1.fastq.gz	/ohta/tia.harrison/LatitudeProject/Run1and2/everything/combined/NEW_MI.M05812_0073.001.FLD0134.Q7_super_R2.fastq.gz
135.STH23_super	/ohta/tia.harrison/LatitudeProject/Run1and2/everything/combined/NEW_MI.M05812_0073.001.FLD0135.STH23_super_R1.fastq.gz	/ohta/tia.harrison/LatitudeProject/Run1and2/everything/combined/NEW_MI.M05812_0073.001.FLD0135.STH23_super_R2.fastq.gz
136.Y5_super	/ohta/tia.harrison/LatitudeProject/Run1and2/everything/combined/NEW_MI.M05812_0073.001.FLD0136.Y5_super_R1.fastq.gz	/ohta/tia.harrison/LatitudeProject/Run1and2/everything/combined/NEW_MI.M05812_0073.001.FLD0136.Y5_super_R2.fastq.gz
137.BG1_super	/ohta/tia.harrison/LatitudeProject/Run1and2/everything/combined/NEW_MI.M05812_0073.001.FLD0137.BG1_super_R1.fastq.gz	/ohta/tia.harrison/LatitudeProject/Run1and2/everything/combined/NEW_MI.M05812_0073.001.FLD0137.BG1_super_R2.fastq.gz
138.BL7_super	/ohta/tia.harrison/LatitudeProject/Run1and2/everything/combined/NEW_MI.M05812_0073.001.FLD0138.BL7_super_R1.fastq.gz	/ohta/tia.harrison/LatitudeProject/Run1and2/everything/combined/NEW_MI.M05812_0073.001.FLD0138.BL7_super_R2.fastq.gz
139.D3_super	/ohta/tia.harrison/LatitudeProject/Run1and2/everything/combined/NEW_MI.M05812_0073.001.FLD0139.D3_super_R1.fastq.gz	/ohta/tia.harrison/LatitudeProject/Run1and2/everything/combined/NEW_MI.M05812_0073.001.FLD0139.D3_super_R2.fastq.gz
140.J1_super	/ohta/tia.harrison/LatitudeProject/Run1and2/everything/combined/NEW_MI.M05812_0073.001.FLD0140.J1_super_R1.fastq.gz	/ohta/tia.harrison/LatitudeProject/Run1and2/everything/combined/NEW_MI.M05812_0073.001.FLD0140.J1_super_R2.fastq.gz
141.O11_super	/ohta/tia.harrison/LatitudeProject/Run1and2/everything/combined/NEW_MI.M05812_0073.001.FLD0141.O11_super_R1.fastq.gz	/ohta/tia.harrison/LatitudeProject/Run1and2/everything/combined/NEW_MI.M05812_0073.001.FLD0141.O11_super_R2.fastq.gz
142.Q9_super	/ohta/tia.harrison/LatitudeProject/Run1and2/everything/combined/NEW_MI.M05812_0073.001.FLD0142.Q9_super_R1.fastq.gz	/ohta/tia.harrison/LatitudeProject/Run1and2/everything/combined/NEW_MI.M05812_0073.001.FLD0142.Q9_super_R2.fastq.gz
143.STH8_super	/ohta/tia.harrison/LatitudeProject/Run1and2/everything/combined/NEW_MI.M05812_0073.001.FLD0143.STH8_super_R1.fastq.gz	/ohta/tia.harrison/LatitudeProject/Run1and2/everything/combined/NEW_MI.M05812_0073.001.FLD0143.STH8_super_R2.fastq.gz
144.Y8_super	/ohta/tia.harrison/LatitudeProject/Run1and2/everything/combined/NEW_MI.M05812_0073.001.FLD0144.Y8_super_R1.fastq.gz	/ohta/tia.harrison/LatitudeProject/Run1and2/everything/combined/NEW_MI.M05812_0073.001.FLD0144.Y8_super_R2.fastq.gz
145.BG3_super	/ohta/tia.harrison/LatitudeProject/Run1and2/everything/combined/NEW_MI.M05812_0073.001.FLD0145.BG3_super_R1.fastq.gz	/ohta/tia.harrison/LatitudeProject/Run1and2/everything/combined/NEW_MI.M05812_0073.001.FLD0145.BG3_super_R2.fastq.gz
146.BM2_super	/ohta/tia.harrison/LatitudeProject/Run1and2/everything/combined/NEW_MI.M05812_0073.001.FLD0146.BM2_super_R1.fastq.gz	/ohta/tia.harrison/LatitudeProject/Run1and2/everything/combined/NEW_MI.M05812_0073.001.FLD0146.BM2_super_R2.fastq.gz
147.D4_super	/ohta/tia.harrison/LatitudeProject/Run1and2/everything/combined/NEW_MI.M05812_0073.001.FLD0147.D4_super_R1.fastq.gz	/ohta/tia.harrison/LatitudeProject/Run1and2/everything/combined/NEW_MI.M05812_0073.001.FLD0147.D4_super_R2.fastq.gz
148.K3_super	/ohta/tia.harrison/LatitudeProject/Run1and2/everything/combined/NEW_MI.M05812_0073.001.FLD0148.K3_super_R1.fastq.gz	/ohta/tia.harrison/LatitudeProject/Run1and2/everything/combined/NEW_MI.M05812_0073.001.FLD0148.K3_super_R2.fastq.gz
149.O3_super	/ohta/tia.harrison/LatitudeProject/Run1and2/everything/combined/NEW_MI.M05812_0073.001.FLD0149.O3_super_R1.fastq.gz	/ohta/tia.harrison/LatitudeProject/Run1and2/everything/combined/NEW_MI.M05812_0073.001.FLD0149.O3_super_R2.fastq.gz
150.R6_super	/ohta/tia.harrison/LatitudeProject/Run1and2/everything/combined/NEW_MI.M05812_0073.001.FLD0150.R6_super_R1.fastq.gz	/ohta/tia.harrison/LatitudeProject/Run1and2/everything/combined/NEW_MI.M05812_0073.001.FLD0150.R6_super_R2.fastq.gz
151.U11_super	/ohta/tia.harrison/LatitudeProject/Run1and2/everything/combined/NEW_MI.M05812_0073.001.FLD0151.U11_super_R1.fastq.gz	/ohta/tia.harrison/LatitudeProject/Run1and2/everything/combined/NEW_MI.M05812_0073.001.FLD0151.U11_super_R2.fastq.gz
152.Z9_super	/ohta/tia.harrison/LatitudeProject/Run1and2/everything/combined/NEW_MI.M05812_0073.001.FLD0152.Z9_super_R1.fastq.gz	/ohta/tia.harrison/LatitudeProject/Run1and2/everything/combined/NEW_MI.M05812_0073.001.FLD0152.Z9_super_R2.fastq.gz
153.BG4_super	/ohta/tia.harrison/LatitudeProject/Run1and2/everything/combined/NEW_MI.M05812_0073.001.FLD0153.BG4_super_R1.fastq.gz	/ohta/tia.harrison/LatitudeProject/Run1and2/everything/combined/NEW_MI.M05812_0073.001.FLD0153.BG4_super_R2.fastq.gz
154.BM5_super	/ohta/tia.harrison/LatitudeProject/Run1and2/everything/combined/NEW_MI.M05812_0073.001.FLD0154.BM5_super_R1.fastq.gz	/ohta/tia.harrison/LatitudeProject/Run1and2/everything/combined/NEW_MI.M05812_0073.001.FLD0154.BM5_super_R2.fastq.gz
155.D5_super	/ohta/tia.harrison/LatitudeProject/Run1and2/everything/combined/NEW_MI.M05812_0073.001.FLD0155.D5_super_R1.fastq.gz	/ohta/tia.harrison/LatitudeProject/Run1and2/everything/combined/NEW_MI.M05812_0073.001.FLD0155.D5_super_R2.fastq.gz
156.K4_super	/ohta/tia.harrison/LatitudeProject/Run1and2/everything/combined/NEW_MI.M05812_0073.001.FLD0156.K4_super_R1.fastq.gz	/ohta/tia.harrison/LatitudeProject/Run1and2/everything/combined/NEW_MI.M05812_0073.001.FLD0156.K4_super_R2.fastq.gz
157.O4_super	/ohta/tia.harrison/LatitudeProject/Run1and2/everything/combined/NEW_MI.M05812_0073.001.FLD0157.O4_super_R1.fastq.gz	/ohta/tia.harrison/LatitudeProject/Run1and2/everything/combined/NEW_MI.M05812_0073.001.FLD0157.O4_super_R2.fastq.gz
158.R7_super	/ohta/tia.harrison/LatitudeProject/Run1and2/everything/combined/NEW_MI.M05812_0073.001.FLD0158.R7_super_R1.fastq.gz	/ohta/tia.harrison/LatitudeProject/Run1and2/everything/combined/NEW_MI.M05812_0073.001.FLD0158.R7_super_R2.fastq.gz
159.U13_super	/ohta/tia.harrison/LatitudeProject/Run1and2/everything/combined/NEW_MI.M05812_0073.001.FLD0159.U13_super_R1.fastq.gz	/ohta/tia.harrison/LatitudeProject/Run1and2/everything/combined/NEW_MI.M05812_0073.001.FLD0159.U13_super_R2.fastq.gz
160.single_D3_super	/ohta/tia.harrison/LatitudeProject/Run1and2/everything/combined/NEW_MI.M05812_0073.001.FLD0160.single_D3_super_R1.fastq.gz	/ohta/tia.harrison/LatitudeProject/Run1and2/everything/combined/NEW_MI.M05812_0073.001.FLD0160.single_D3_super_R2.fastq.gz
161.BG5_super	/ohta/tia.harrison/LatitudeProject/Run1and2/everything/combined/NEW_MI.M05812_0073.001.FLD0161.BG5_super_R1.fastq.gz	/ohta/tia.harrison/LatitudeProject/Run1and2/everything/combined/NEW_MI.M05812_0073.001.FLD0161.BG5_super_R2.fastq.gz
162.BN1_super	/ohta/tia.harrison/LatitudeProject/Run1and2/everything/combined/NEW_MI.M05812_0073.001.FLD0162.BN1_super_R1.fastq.gz	/ohta/tia.harrison/LatitudeProject/Run1and2/everything/combined/NEW_MI.M05812_0073.001.FLD0162.BN1_super_R2.fastq.gz
163.E1_super	/ohta/tia.harrison/LatitudeProject/Run1and2/everything/combined/NEW_MI.M05812_0073.001.FLD0163.E1_super_R1.fastq.gz	/ohta/tia.harrison/LatitudeProject/Run1and2/everything/combined/NEW_MI.M05812_0073.001.FLD0163.E1_super_R2.fastq.gz
164.L7_super	/ohta/tia.harrison/LatitudeProject/Run1and2/everything/combined/NEW_MI.M05812_0073.001.FLD0164.L7_super_R1.fastq.gz	/ohta/tia.harrison/LatitudeProject/Run1and2/everything/combined/NEW_MI.M05812_0073.001.FLD0164.L7_super_R2.fastq.gz
165.O6_super	/ohta/tia.harrison/LatitudeProject/Run1and2/everything/combined/NEW_MI.M05812_0073.001.FLD0165.O6_super_R1.fastq.gz	/ohta/tia.harrison/LatitudeProject/Run1and2/everything/combined/NEW_MI.M05812_0073.001.FLD0165.O6_super_R2.fastq.gz
166.S1_super	/ohta/tia.harrison/LatitudeProject/Run1and2/everything/combined/NEW_MI.M05812_0073.001.FLD0166.S1_super_R1.fastq.gz	/ohta/tia.harrison/LatitudeProject/Run1and2/everything/combined/NEW_MI.M05812_0073.001.FLD0166.S1_super_R2.fastq.gz
167.U16_super	/ohta/tia.harrison/LatitudeProject/Run1and2/everything/combined/NEW_MI.M05812_0073.001.FLD0167.U16_super_R1.fastq.gz	/ohta/tia.harrison/LatitudeProject/Run1and2/everything/combined/NEW_MI.M05812_0073.001.FLD0167.U16_super_R2.fastq.gz
168.single_P9_super	/ohta/tia.harrison/LatitudeProject/Run1and2/everything/combined/NEW_MI.M05812_0073.001.FLD0168.single_P9_super_R1.fastq.gz	/ohta/tia.harrison/LatitudeProject/Run1and2/everything/combined/NEW_MI.M05812_0073.001.FLD0168.single_P9_super_R2.fastq.gz
169.BG9_super	/ohta/tia.harrison/LatitudeProject/Run1and2/everything/combined/NEW_MI.M05812_0073.001.FLD0169.BG9_super_R1.fastq.gz	/ohta/tia.harrison/LatitudeProject/Run1and2/everything/combined/NEW_MI.M05812_0073.001.FLD0169.BG9_super_R2.fastq.gz
170.BN3_super	/ohta/tia.harrison/LatitudeProject/Run1and2/everything/combined/NEW_MI.M05812_0073.001.FLD0170.BN3_super_R1.fastq.gz	/ohta/tia.harrison/LatitudeProject/Run1and2/everything/combined/NEW_MI.M05812_0073.001.FLD0170.BN3_super_R2.fastq.gz
171.E2_super	/ohta/tia.harrison/LatitudeProject/Run1and2/everything/combined/NEW_MI.M05812_0073.001.FLD0171.E2_super_R1.fastq.gz	/ohta/tia.harrison/LatitudeProject/Run1and2/everything/combined/NEW_MI.M05812_0073.001.FLD0171.E2_super_R2.fastq.gz
172.M1_super	/ohta/tia.harrison/LatitudeProject/Run1and2/everything/combined/NEW_MI.M05812_0073.001.FLD0172.M1_super_R1.fastq.gz	/ohta/tia.harrison/LatitudeProject/Run1and2/everything/combined/NEW_MI.M05812_0073.001.FLD0172.M1_super_R2.fastq.gz
173.O7_super	/ohta/tia.harrison/LatitudeProject/Run1and2/everything/combined/NEW_MI.M05812_0073.001.FLD0173.O7_super_R1.fastq.gz	/ohta/tia.harrison/LatitudeProject/Run1and2/everything/combined/NEW_MI.M05812_0073.001.FLD0173.O7_super_R2.fastq.gz
174.S3_super	/ohta/tia.harrison/LatitudeProject/Run1and2/everything/combined/NEW_MI.M05812_0073.001.FLD0174.S3_super_R1.fastq.gz	/ohta/tia.harrison/LatitudeProject/Run1and2/everything/combined/NEW_MI.M05812_0073.001.FLD0174.S3_super_R2.fastq.gz
175.U18_super	/ohta/tia.harrison/LatitudeProject/Run1and2/everything/combined/NEW_MI.M05812_0073.001.FLD0175.U18_super_R1.fastq.gz	/ohta/tia.harrison/LatitudeProject/Run1and2/everything/combined/NEW_MI.M05812_0073.001.FLD0175.U18_super_R2.fastq.gz
176.single_Q6_super	/ohta/tia.harrison/LatitudeProject/Run1and2/everything/combined/NEW_MI.M05812_0073.001.FLD0176.single_Q6_super_R1.fastq.gz	/ohta/tia.harrison/LatitudeProject/Run1and2/everything/combined/NEW_MI.M05812_0073.001.FLD0176.single_Q6_super_R2.fastq.gz
177.BI2_super	/ohta/tia.harrison/LatitudeProject/Run1and2/everything/combined/NEW_MI.M05812_0073.001.FLD0177.BI2_super_R1.fastq.gz	/ohta/tia.harrison/LatitudeProject/Run1and2/everything/combined/NEW_MI.M05812_0073.001.FLD0177.BI2_super_R2.fastq.gz
178.BN4_super	/ohta/tia.harrison/LatitudeProject/Run1and2/everything/combined/NEW_MI.M05812_0073.001.FLD0178.BN4_super_R1.fastq.gz	/ohta/tia.harrison/LatitudeProject/Run1and2/everything/combined/NEW_MI.M05812_0073.001.FLD0178.BN4_super_R2.fastq.gz
179.E3_super	/ohta/tia.harrison/LatitudeProject/Run1and2/everything/combined/NEW_MI.M05812_0073.001.FLD0179.E3_super_R1.fastq.gz	/ohta/tia.harrison/LatitudeProject/Run1and2/everything/combined/NEW_MI.M05812_0073.001.FLD0179.E3_super_R2.fastq.gz
180.M2_super	/ohta/tia.harrison/LatitudeProject/Run1and2/everything/combined/NEW_MI.M05812_0073.001.FLD0180.M2_super_R1.fastq.gz	/ohta/tia.harrison/LatitudeProject/Run1and2/everything/combined/NEW_MI.M05812_0073.001.FLD0180.M2_super_R2.fastq.gz
181.O8_super	/ohta/tia.harrison/LatitudeProject/Run1and2/everything/combined/NEW_MI.M05812_0073.001.FLD0181.O8_super_R1.fastq.gz	/ohta/tia.harrison/LatitudeProject/Run1and2/everything/combined/NEW_MI.M05812_0073.001.FLD0181.O8_super_R2.fastq.gz
182.S7_super	/ohta/tia.harrison/LatitudeProject/Run1and2/everything/combined/NEW_MI.M05812_0073.001.FLD0182.S7_super_R1.fastq.gz	/ohta/tia.harrison/LatitudeProject/Run1and2/everything/combined/NEW_MI.M05812_0073.001.FLD0182.S7_super_R2.fastq.gz
183.U6_super	/ohta/tia.harrison/LatitudeProject/Run1and2/everything/combined/NEW_MI.M05812_0073.001.FLD0183.U6_super_R1.fastq.gz	/ohta/tia.harrison/LatitudeProject/Run1and2/everything/combined/NEW_MI.M05812_0073.001.FLD0183.U6_super_R2.fastq.gz
184.A1_culture	/ohta/tia.harrison/LatitudeProject/Run1and2/everything/combined/NEW_MI.M05812_0073.001.FLD0184.A1_culture_R1.fastq.gz	/ohta/tia.harrison/LatitudeProject/Run1and2/everything/combined/NEW_MI.M05812_0073.001.FLD0184.A1_culture_R2.fastq.gz
185.BI3_super	/ohta/tia.harrison/LatitudeProject/Run1and2/everything/combined/NEW_MI.M05812_0073.001.FLD0185.BI3_super_R1.fastq.gz	/ohta/tia.harrison/LatitudeProject/Run1and2/everything/combined/NEW_MI.M05812_0073.001.FLD0185.BI3_super_R2.fastq.gz
186.BN5_super	/ohta/tia.harrison/LatitudeProject/Run1and2/everything/combined/NEW_MI.M05812_0073.001.FLD0186.BN5_super_R1.fastq.gz	/ohta/tia.harrison/LatitudeProject/Run1and2/everything/combined/NEW_MI.M05812_0073.001.FLD0186.BN5_super_R2.fastq.gz
187.E4_super	/ohta/tia.harrison/LatitudeProject/Run1and2/everything/combined/NEW_MI.M05812_0073.001.FLD0187.E4_super_R1.fastq.gz	/ohta/tia.harrison/LatitudeProject/Run1and2/everything/combined/NEW_MI.M05812_0073.001.FLD0187.E4_super_R2.fastq.gz
188.MIR107_super	/ohta/tia.harrison/LatitudeProject/Run1and2/everything/combined/NEW_MI.M05812_0073.001.FLD0188.MIR107_super_R1.fastq.gz	/ohta/tia.harrison/LatitudeProject/Run1and2/everything/combined/NEW_MI.M05812_0073.001.FLD0188.MIR107_super_R2.fastq.gz
189.O9_super	/ohta/tia.harrison/LatitudeProject/Run1and2/everything/combined/NEW_MI.M05812_0073.001.FLD0189.O9_super_R1.fastq.gz	/ohta/tia.harrison/LatitudeProject/Run1and2/everything/combined/NEW_MI.M05812_0073.001.FLD0189.O9_super_R2.fastq.gz
190.S8_super	/ohta/tia.harrison/LatitudeProject/Run1and2/everything/combined/NEW_MI.M05812_0073.001.FLD0190.S8_super_R1.fastq.gz	/ohta/tia.harrison/LatitudeProject/Run1and2/everything/combined/NEW_MI.M05812_0073.001.FLD0190.S8_super_R2.fastq.gz
191.U7_super	/ohta/tia.harrison/LatitudeProject/Run1and2/everything/combined/NEW_MI.M05812_0073.001.FLD0191.U7_super_R1.fastq.gz	/ohta/tia.harrison/LatitudeProject/Run1and2/everything/combined/NEW_MI.M05812_0073.001.FLD0191.U7_super_R2.fastq.gz
192.A10_culture	/ohta/tia.harrison/LatitudeProject/Run1and2/everything/combined/NEW_MI.M05812_0073.001.FLD0192.A10_culture_R1.fastq.gz	/ohta/tia.harrison/LatitudeProject/Run1and2/everything/combined/NEW_MI.M05812_0073.001.FLD0192.A10_culture_R2.fastq.gz
193.A11_culture	/ohta/tia.harrison/LatitudeProject/Run1and2/everything/combined/NEW_MI.M05812_0073.001.FLD0193.A11_culture_R1.fastq.gz	/ohta/tia.harrison/LatitudeProject/Run1and2/everything/combined/NEW_MI.M05812_0073.001.FLD0193.A11_culture_R2.fastq.gz
194.BG7_culture	/ohta/tia.harrison/LatitudeProject/Run1and2/everything/combined/NEW_MI.M05812_0073.001.FLD0194.BG7_culture_R1.fastq.gz	/ohta/tia.harrison/LatitudeProject/Run1and2/everything/combined/NEW_MI.M05812_0073.001.FLD0194.BG7_culture_R2.fastq.gz
195.BL1_culture	/ohta/tia.harrison/LatitudeProject/Run1and2/everything/combined/NEW_MI.M05812_0073.001.FLD0195.BL1_culture_R1.fastq.gz	/ohta/tia.harrison/LatitudeProject/Run1and2/everything/combined/NEW_MI.M05812_0073.001.FLD0195.BL1_culture_R2.fastq.gz
196.BN5_culture	/ohta/tia.harrison/LatitudeProject/Run1and2/everything/combined/NEW_MI.M05812_0073.001.FLD0196.BN5_culture_R1.fastq.gz	/ohta/tia.harrison/LatitudeProject/Run1and2/everything/combined/NEW_MI.M05812_0073.001.FLD0196.BN5_culture_R2.fastq.gz
197.D2_culture	/ohta/tia.harrison/LatitudeProject/Run1and2/everything/combined/NEW_MI.M05812_0073.001.FLD0197.D2_culture_R1.fastq.gz	/ohta/tia.harrison/LatitudeProject/Run1and2/everything/combined/NEW_MI.M05812_0073.001.FLD0197.D2_culture_R2.fastq.gz
198.H1_culture	/ohta/tia.harrison/LatitudeProject/Run1and2/everything/combined/NEW_MI.M05812_0073.001.FLD0198.H1_culture_R1.fastq.gz	/ohta/tia.harrison/LatitudeProject/Run1and2/everything/combined/NEW_MI.M05812_0073.001.FLD0198.H1_culture_R2.fastq.gz
199.MIR138_culture	/ohta/tia.harrison/LatitudeProject/Run1and2/everything/combined/NEW_MI.M05812_0073.001.FLD0199.MIR138_culture_R1.fastq.gz	/ohta/tia.harrison/LatitudeProject/Run1and2/everything/combined/NEW_MI.M05812_0073.001.FLD0199.MIR138_culture_R2.fastq.gz
200.Q7_culture	/ohta/tia.harrison/LatitudeProject/Run1and2/everything/combined/NEW_MI.M05812_0073.001.FLD0200.Q7_culture_R1.fastq.gz	/ohta/tia.harrison/LatitudeProject/Run1and2/everything/combined/NEW_MI.M05812_0073.001.FLD0200.Q7_culture_R2.fastq.gz
201.A2_culture	/ohta/tia.harrison/LatitudeProject/Run1and2/everything/combined/NEW_MI.M05812_0073.001.FLD0201.A2_culture_R1.fastq.gz	/ohta/tia.harrison/LatitudeProject/Run1and2/everything/combined/NEW_MI.M05812_0073.001.FLD0201.A2_culture_R2.fastq.gz
202.BG8_culture	/ohta/tia.harrison/LatitudeProject/Run1and2/everything/combined/NEW_MI.M05812_0073.001.FLD0202.BG8_culture_R1.fastq.gz	/ohta/tia.harrison/LatitudeProject/Run1and2/everything/combined/NEW_MI.M05812_0073.001.FLD0202.BG8_culture_R2.fastq.gz
203.BL2_culture	/ohta/tia.harrison/LatitudeProject/Run1and2/everything/combined/NEW_MI.M05812_0073.001.FLD0203.BL2_culture_R1.fastq.gz	/ohta/tia.harrison/LatitudeProject/Run1and2/everything/combined/NEW_MI.M05812_0073.001.FLD0203.BL2_culture_R2.fastq.gz
205.D3_culture	/ohta/tia.harrison/LatitudeProject/Run1and2/everything/combined/NEW_MI.M05812_0073.001.FLD0205.D3_culture_R1.fastq.gz	/ohta/tia.harrison/LatitudeProject/Run1and2/everything/combined/NEW_MI.M05812_0073.001.FLD0205.D3_culture_R2.fastq.gz
206.H2_culture	/ohta/tia.harrison/LatitudeProject/Run1and2/everything/combined/NEW_MI.M05812_0073.001.FLD0206.H2_culture_R1.fastq.gz	/ohta/tia.harrison/LatitudeProject/Run1and2/everything/combined/NEW_MI.M05812_0073.001.FLD0206.H2_culture_R2.fastq.gz
207.MIR216_culture	/ohta/tia.harrison/LatitudeProject/Run1and2/everything/combined/NEW_MI.M05812_0073.001.FLD0207.MIR216_culture_R1.fastq.gz	/ohta/tia.harrison/LatitudeProject/Run1and2/everything/combined/NEW_MI.M05812_0073.001.FLD0207.MIR216_culture_R2.fastq.gz
208.Q9_culture	/ohta/tia.harrison/LatitudeProject/Run1and2/everything/combined/NEW_MI.M05812_0073.001.FLD0208.Q9_culture_R1.fastq.gz	/ohta/tia.harrison/LatitudeProject/Run1and2/everything/combined/NEW_MI.M05812_0073.001.FLD0208.Q9_culture_R2.fastq.gz
209.A5_culture	/ohta/tia.harrison/LatitudeProject/Run1and2/everything/combined/NEW_MI.M05812_0073.001.FLD0209.A5_culture_R1.fastq.gz	/ohta/tia.harrison/LatitudeProject/Run1and2/everything/combined/NEW_MI.M05812_0073.001.FLD0209.A5_culture_R2.fastq.gz
210.BG9_culture	/ohta/tia.harrison/LatitudeProject/Run1and2/everything/combined/NEW_MI.M05812_0073.001.FLD0210.BG9_culture_R1.fastq.gz	/ohta/tia.harrison/LatitudeProject/Run1and2/everything/combined/NEW_MI.M05812_0073.001.FLD0210.BG9_culture_R2.fastq.gz
211.BL3_culture	/ohta/tia.harrison/LatitudeProject/Run1and2/everything/combined/NEW_MI.M05812_0073.001.FLD0211.BL3_culture_R1.fastq.gz	/ohta/tia.harrison/LatitudeProject/Run1and2/everything/combined/NEW_MI.M05812_0073.001.FLD0211.BL3_culture_R2.fastq.gz
212.BN8_culture	/ohta/tia.harrison/LatitudeProject/Run1and2/everything/combined/NEW_MI.M05812_0073.001.FLD0212.BN8_culture_R1.fastq.gz	/ohta/tia.harrison/LatitudeProject/Run1and2/everything/combined/NEW_MI.M05812_0073.001.FLD0212.BN8_culture_R2.fastq.gz
213.D4_culture	/ohta/tia.harrison/LatitudeProject/Run1and2/everything/combined/NEW_MI.M05812_0073.001.FLD0213.D4_culture_R1.fastq.gz	/ohta/tia.harrison/LatitudeProject/Run1and2/everything/combined/NEW_MI.M05812_0073.001.FLD0213.D4_culture_R2.fastq.gz
214.H4_culture	/ohta/tia.harrison/LatitudeProject/Run1and2/everything/combined/NEW_MI.M05812_0073.001.FLD0214.H4_culture_R1.fastq.gz	/ohta/tia.harrison/LatitudeProject/Run1and2/everything/combined/NEW_MI.M05812_0073.001.FLD0214.H4_culture_R2.fastq.gz
215.N5_culture	/ohta/tia.harrison/LatitudeProject/Run1and2/everything/combined/NEW_MI.M05812_0073.001.FLD0215.N5_culture_R1.fastq.gz	/ohta/tia.harrison/LatitudeProject/Run1and2/everything/combined/NEW_MI.M05812_0073.001.FLD0215.N5_culture_R2.fastq.gz
216.R1_culture	/ohta/tia.harrison/LatitudeProject/Run1and2/everything/combined/NEW_MI.M05812_0073.001.FLD0216.R1_culture_R1.fastq.gz	/ohta/tia.harrison/LatitudeProject/Run1and2/everything/combined/NEW_MI.M05812_0073.001.FLD0216.R1_culture_R2.fastq.gz
217.A7_culture	/ohta/tia.harrison/LatitudeProject/Run1and2/everything/combined/NEW_MI.M05812_0073.001.FLD0217.A7_culture_R1.fastq.gz	/ohta/tia.harrison/LatitudeProject/Run1and2/everything/combined/NEW_MI.M05812_0073.001.FLD0217.A7_culture_R2.fastq.gz
218.BI1_culture	/ohta/tia.harrison/LatitudeProject/Run1and2/everything/combined/NEW_MI.M05812_0073.001.FLD0218.BI1_culture_R1.fastq.gz	/ohta/tia.harrison/LatitudeProject/Run1and2/everything/combined/NEW_MI.M05812_0073.001.FLD0218.BI1_culture_R2.fastq.gz
219.BL5_culture	/ohta/tia.harrison/LatitudeProject/Run1and2/everything/combined/NEW_MI.M05812_0073.001.FLD0219.BL5_culture_R1.fastq.gz	/ohta/tia.harrison/LatitudeProject/Run1and2/everything/combined/NEW_MI.M05812_0073.001.FLD0219.BL5_culture_R2.fastq.gz
220.BUS135_culture	/ohta/tia.harrison/LatitudeProject/Run1and2/everything/combined/NEW_MI.M05812_0073.001.FLD0220.BUS135_culture_R1.fastq.gz	/ohta/tia.harrison/LatitudeProject/Run1and2/everything/combined/NEW_MI.M05812_0073.001.FLD0220.BUS135_culture_R2.fastq.gz
221.D5_culture	/ohta/tia.harrison/LatitudeProject/Run1and2/everything/combined/NEW_MI.M05812_0073.001.FLD0221.D5_culture_R1.fastq.gz	/ohta/tia.harrison/LatitudeProject/Run1and2/everything/combined/NEW_MI.M05812_0073.001.FLD0221.D5_culture_R2.fastq.gz
222.H5_culture	/ohta/tia.harrison/LatitudeProject/Run1and2/everything/combined/NEW_MI.M05812_0073.001.FLD0222.H5_culture_R1.fastq.gz	/ohta/tia.harrison/LatitudeProject/Run1and2/everything/combined/NEW_MI.M05812_0073.001.FLD0222.H5_culture_R2.fastq.gz
223.O4_culture	/ohta/tia.harrison/LatitudeProject/Run1and2/everything/combined/NEW_MI.M05812_0073.001.FLD0223.O4_culture_R1.fastq.gz	/ohta/tia.harrison/LatitudeProject/Run1and2/everything/combined/NEW_MI.M05812_0073.001.FLD0223.O4_culture_R2.fastq.gz
224.R2_culture	/ohta/tia.harrison/LatitudeProject/Run1and2/everything/combined/NEW_MI.M05812_0073.001.FLD0224.R2_culture_R1.fastq.gz	/ohta/tia.harrison/LatitudeProject/Run1and2/everything/combined/NEW_MI.M05812_0073.001.FLD0224.R2_culture_R2.fastq.gz
225.A8_culture	/ohta/tia.harrison/LatitudeProject/Run1and2/everything/combined/NEW_MI.M05812_0073.001.FLD0225.A8_culture_R1.fastq.gz	/ohta/tia.harrison/LatitudeProject/Run1and2/everything/combined/NEW_MI.M05812_0073.001.FLD0225.A8_culture_R2.fastq.gz
226.BI2_culture	/ohta/tia.harrison/LatitudeProject/Run1and2/everything/combined/NEW_MI.M05812_0073.001.FLD0226.BI2_culture_R1.fastq.gz	/ohta/tia.harrison/LatitudeProject/Run1and2/everything/combined/NEW_MI.M05812_0073.001.FLD0226.BI2_culture_R2.fastq.gz
227.BL6_culture	/ohta/tia.harrison/LatitudeProject/Run1and2/everything/combined/NEW_MI.M05812_0073.001.FLD0227.BL6_culture_R1.fastq.gz	/ohta/tia.harrison/LatitudeProject/Run1and2/everything/combined/NEW_MI.M05812_0073.001.FLD0227.BL6_culture_R2.fastq.gz
228.BUS61_culture	/ohta/tia.harrison/LatitudeProject/Run1and2/everything/combined/NEW_MI.M05812_0073.001.FLD0228.BUS61_culture_R1.fastq.gz	/ohta/tia.harrison/LatitudeProject/Run1and2/everything/combined/NEW_MI.M05812_0073.001.FLD0228.BUS61_culture_R2.fastq.gz
229.E1_culture	/ohta/tia.harrison/LatitudeProject/Run1and2/everything/combined/NEW_MI.M05812_0073.001.FLD0229.E1_culture_R1.fastq.gz	/ohta/tia.harrison/LatitudeProject/Run1and2/everything/combined/NEW_MI.M05812_0073.001.FLD0229.E1_culture_R2.fastq.gz
230.H6_culture	/ohta/tia.harrison/LatitudeProject/Run1and2/everything/combined/NEW_MI.M05812_0073.001.FLD0230.H6_culture_R1.fastq.gz	/ohta/tia.harrison/LatitudeProject/Run1and2/everything/combined/NEW_MI.M05812_0073.001.FLD0230.H6_culture_R2.fastq.gz
231.O6_culture	/ohta/tia.harrison/LatitudeProject/Run1and2/everything/combined/NEW_MI.M05812_0073.001.FLD0231.O6_culture_R1.fastq.gz	/ohta/tia.harrison/LatitudeProject/Run1and2/everything/combined/NEW_MI.M05812_0073.001.FLD0231.O6_culture_R2.fastq.gz
232.R6_culture	/ohta/tia.harrison/LatitudeProject/Run1and2/everything/combined/NEW_MI.M05812_0073.001.FLD0232.R6_culture_R1.fastq.gz	/ohta/tia.harrison/LatitudeProject/Run1and2/everything/combined/NEW_MI.M05812_0073.001.FLD0232.R6_culture_R2.fastq.gz
233.A9_culture	/ohta/tia.harrison/LatitudeProject/Run1and2/everything/combined/NEW_MI.M05812_0073.001.FLD0233.A9_culture_R1.fastq.gz	/ohta/tia.harrison/LatitudeProject/Run1and2/everything/combined/NEW_MI.M05812_0073.001.FLD0233.A9_culture_R2.fastq.gz
234.BI3_culture	/ohta/tia.harrison/LatitudeProject/Run1and2/everything/combined/NEW_MI.M05812_0073.001.FLD0234.BI3_culture_R1.fastq.gz	/ohta/tia.harrison/LatitudeProject/Run1and2/everything/combined/NEW_MI.M05812_0073.001.FLD0234.BI3_culture_R2.fastq.gz
235.BL7_culture	/ohta/tia.harrison/LatitudeProject/Run1and2/everything/combined/NEW_MI.M05812_0073.001.FLD0235.BL7_culture_R1.fastq.gz	/ohta/tia.harrison/LatitudeProject/Run1and2/everything/combined/NEW_MI.M05812_0073.001.FLD0235.BL7_culture_R2.fastq.gz
236.BUS900_culture	/ohta/tia.harrison/LatitudeProject/Run1and2/everything/combined/NEW_MI.M05812_0073.001.FLD0236.BUS900_culture_R1.fastq.gz	/ohta/tia.harrison/LatitudeProject/Run1and2/everything/combined/NEW_MI.M05812_0073.001.FLD0236.BUS900_culture_R2.fastq.gz
237.E2_culture	/ohta/tia.harrison/LatitudeProject/Run1and2/everything/combined/NEW_MI.M05812_0073.001.FLD0237.E2_culture_R1.fastq.gz	/ohta/tia.harrison/LatitudeProject/Run1and2/everything/combined/NEW_MI.M05812_0073.001.FLD0237.E2_culture_R2.fastq.gz
238.H8_culture	/ohta/tia.harrison/LatitudeProject/Run1and2/everything/combined/NEW_MI.M05812_0073.001.FLD0238.H8_culture_R1.fastq.gz	/ohta/tia.harrison/LatitudeProject/Run1and2/everything/combined/NEW_MI.M05812_0073.001.FLD0238.H8_culture_R2.fastq.gz
239.O7_culture	/ohta/tia.harrison/LatitudeProject/Run1and2/everything/combined/NEW_MI.M05812_0073.001.FLD0239.O7_culture_R1.fastq.gz	/ohta/tia.harrison/LatitudeProject/Run1and2/everything/combined/NEW_MI.M05812_0073.001.FLD0239.O7_culture_R2.fastq.gz
240.R7_culture	/ohta/tia.harrison/LatitudeProject/Run1and2/everything/combined/NEW_MI.M05812_0073.001.FLD0240.R7_culture_R1.fastq.gz	/ohta/tia.harrison/LatitudeProject/Run1and2/everything/combined/NEW_MI.M05812_0073.001.FLD0240.R7_culture_R2.fastq.gz
241.BA2_culture	/ohta/tia.harrison/LatitudeProject/Run1and2/everything/combined/NEW_MI.M05812_0073.001.FLD0241.BA2_culture_R1.fastq.gz	/ohta/tia.harrison/LatitudeProject/Run1and2/everything/combined/NEW_MI.M05812_0073.001.FLD0241.BA2_culture_R2.fastq.gz
242.BA5_culture	/ohta/tia.harrison/LatitudeProject/Run1and2/everything/combined/NEW_MI.M05812_0073.001.FLD0242.BA5_culture_R1.fastq.gz	/ohta/tia.harrison/LatitudeProject/Run1and2/everything/combined/NEW_MI.M05812_0073.001.FLD0242.BA5_culture_R2.fastq.gz
243.BL8_culture	/ohta/tia.harrison/LatitudeProject/Run1and2/everything/combined/NEW_MI.M05812_0073.001.FLD0243.BL8_culture_R1.fastq.gz	/ohta/tia.harrison/LatitudeProject/Run1and2/everything/combined/NEW_MI.M05812_0073.001.FLD0243.BL8_culture_R2.fastq.gz
244.BUS91_culture	/ohta/tia.harrison/LatitudeProject/Run1and2/everything/combined/NEW_MI.M05812_0073.001.FLD0244.BUS91_culture_R1.fastq.gz	/ohta/tia.harrison/LatitudeProject/Run1and2/everything/combined/NEW_MI.M05812_0073.001.FLD0244.BUS91_culture_R2.fastq.gz
245.E4_culture	/ohta/tia.harrison/LatitudeProject/Run1and2/everything/combined/NEW_MI.M05812_0073.001.FLD0245.E4_culture_R1.fastq.gz	/ohta/tia.harrison/LatitudeProject/Run1and2/everything/combined/NEW_MI.M05812_0073.001.FLD0245.E4_culture_R2.fastq.gz
246.J1_culture	/ohta/tia.harrison/LatitudeProject/Run1and2/everything/combined/NEW_MI.M05812_0073.001.FLD0246.J1_culture_R1.fastq.gz	/ohta/tia.harrison/LatitudeProject/Run1and2/everything/combined/NEW_MI.M05812_0073.001.FLD0246.J1_culture_R2.fastq.gz
247.O9_culture	/ohta/tia.harrison/LatitudeProject/Run1and2/everything/combined/NEW_MI.M05812_0073.001.FLD0247.O9_culture_R1.fastq.gz	/ohta/tia.harrison/LatitudeProject/Run1and2/everything/combined/NEW_MI.M05812_0073.001.FLD0247.O9_culture_R2.fastq.gz
248.R9_culture	/ohta/tia.harrison/LatitudeProject/Run1and2/everything/combined/NEW_MI.M05812_0073.001.FLD0248.R9_culture_R1.fastq.gz	/ohta/tia.harrison/LatitudeProject/Run1and2/everything/combined/NEW_MI.M05812_0073.001.FLD0248.R9_culture_R2.fastq.gz
250.BI7_culture	/ohta/tia.harrison/LatitudeProject/Run1and2/everything/combined/NEW_MI.M05812_0073.001.FLD0250.BI7_culture_R1.fastq.gz	/ohta/tia.harrison/LatitudeProject/Run1and2/everything/combined/NEW_MI.M05812_0073.001.FLD0250.BI7_culture_R2.fastq.gz
251.BM2_culture	/ohta/tia.harrison/LatitudeProject/Run1and2/everything/combined/NEW_MI.M05812_0073.001.FLD0251.BM2_culture_R1.fastq.gz	/ohta/tia.harrison/LatitudeProject/Run1and2/everything/combined/NEW_MI.M05812_0073.001.FLD0251.BM2_culture_R2.fastq.gz
252.BUS93_culture	/ohta/tia.harrison/LatitudeProject/Run1and2/everything/combined/NEW_MI.M05812_0073.001.FLD0252.BUS93_culture_R1.fastq.gz	/ohta/tia.harrison/LatitudeProject/Run1and2/everything/combined/NEW_MI.M05812_0073.001.FLD0252.BUS93_culture_R2.fastq.gz
253.E5_culture	/ohta/tia.harrison/LatitudeProject/Run1and2/everything/combined/NEW_MI.M05812_0073.001.FLD0253.E5_culture_R1.fastq.gz	/ohta/tia.harrison/LatitudeProject/Run1and2/everything/combined/NEW_MI.M05812_0073.001.FLD0253.E5_culture_R2.fastq.gz
254.J2_culture	/ohta/tia.harrison/LatitudeProject/Run1and2/everything/combined/NEW_MI.M05812_0073.001.FLD0254.J2_culture_R1.fastq.gz	/ohta/tia.harrison/LatitudeProject/Run1and2/everything/combined/NEW_MI.M05812_0073.001.FLD0254.J2_culture_R2.fastq.gz
255.P2_culture	/ohta/tia.harrison/LatitudeProject/Run1and2/everything/combined/NEW_MI.M05812_0073.001.FLD0255.P2_culture_R1.fastq.gz	/ohta/tia.harrison/LatitudeProject/Run1and2/everything/combined/NEW_MI.M05812_0073.001.FLD0255.P2_culture_R2.fastq.gz
256.S1_culture	/ohta/tia.harrison/LatitudeProject/Run1and2/everything/combined/NEW_MI.M05812_0073.001.FLD0256.S1_culture_R1.fastq.gz	/ohta/tia.harrison/LatitudeProject/Run1and2/everything/combined/NEW_MI.M05812_0073.001.FLD0256.S1_culture_R2.fastq.gz
257.BG1_culture	/ohta/tia.harrison/LatitudeProject/Run1and2/everything/combined/NEW_MI.M05812_0073.001.FLD0257.BG1_culture_R1.fastq.gz	/ohta/tia.harrison/LatitudeProject/Run1and2/everything/combined/NEW_MI.M05812_0073.001.FLD0257.BG1_culture_R2.fastq.gz
258.BI7_culture	/ohta/tia.harrison/LatitudeProject/Run1and2/everything/combined/NEW_MI.M05812_0073.001.FLD0258.BI7_culture_R1.fastq.gz	/ohta/tia.harrison/LatitudeProject/Run1and2/everything/combined/NEW_MI.M05812_0073.001.FLD0258.BI7_culture_R2.fastq.gz
259.BM5_culture	/ohta/tia.harrison/LatitudeProject/Run1and2/everything/combined/NEW_MI.M05812_0073.001.FLD0259.BM5_culture_R1.fastq.gz	/ohta/tia.harrison/LatitudeProject/Run1and2/everything/combined/NEW_MI.M05812_0073.001.FLD0259.BM5_culture_R2.fastq.gz
260.C1_culture	/ohta/tia.harrison/LatitudeProject/Run1and2/everything/combined/NEW_MI.M05812_0073.001.FLD0260.C1_culture_R1.fastq.gz	/ohta/tia.harrison/LatitudeProject/Run1and2/everything/combined/NEW_MI.M05812_0073.001.FLD0260.C1_culture_R2.fastq.gz
261.G1_culture	/ohta/tia.harrison/LatitudeProject/Run1and2/everything/combined/NEW_MI.M05812_0073.001.FLD0261.G1_culture_R1.fastq.gz	/ohta/tia.harrison/LatitudeProject/Run1and2/everything/combined/NEW_MI.M05812_0073.001.FLD0261.G1_culture_R2.fastq.gz
262.J5_culture	/ohta/tia.harrison/LatitudeProject/Run1and2/everything/combined/NEW_MI.M05812_0073.001.FLD0262.J5_culture_R1.fastq.gz	/ohta/tia.harrison/LatitudeProject/Run1and2/everything/combined/NEW_MI.M05812_0073.001.FLD0262.J5_culture_R2.fastq.gz
263.Q1_culture	/ohta/tia.harrison/LatitudeProject/Run1and2/everything/combined/NEW_MI.M05812_0073.001.FLD0263.Q1_culture_R1.fastq.gz	/ohta/tia.harrison/LatitudeProject/Run1and2/everything/combined/NEW_MI.M05812_0073.001.FLD0263.Q1_culture_R2.fastq.gz
264.S2_culture	/ohta/tia.harrison/LatitudeProject/Run1and2/everything/combined/NEW_MI.M05812_0073.001.FLD0264.S2_culture_R1.fastq.gz	/ohta/tia.harrison/LatitudeProject/Run1and2/everything/combined/NEW_MI.M05812_0073.001.FLD0264.S2_culture_R2.fastq.gz
265.BG3_culture	/ohta/tia.harrison/LatitudeProject/Run1and2/everything/combined/NEW_MI.M05812_0073.001.FLD0265.BG3_culture_R1.fastq.gz	/ohta/tia.harrison/LatitudeProject/Run1and2/everything/combined/NEW_MI.M05812_0073.001.FLD0265.BG3_culture_R2.fastq.gz
266.BI9_culture	/ohta/tia.harrison/LatitudeProject/Run1and2/everything/combined/NEW_MI.M05812_0073.001.FLD0266.BI9_culture_R1.fastq.gz	/ohta/tia.harrison/LatitudeProject/Run1and2/everything/combined/NEW_MI.M05812_0073.001.FLD0266.BI9_culture_R2.fastq.gz
267.BN1_culture	/ohta/tia.harrison/LatitudeProject/Run1and2/everything/combined/NEW_MI.M05812_0073.001.FLD0267.BN1_culture_R1.fastq.gz	/ohta/tia.harrison/LatitudeProject/Run1and2/everything/combined/NEW_MI.M05812_0073.001.FLD0267.BN1_culture_R2.fastq.gz
268.C3_culture	/ohta/tia.harrison/LatitudeProject/Run1and2/everything/combined/NEW_MI.M05812_0073.001.FLD0268.C3_culture_R1.fastq.gz	/ohta/tia.harrison/LatitudeProject/Run1and2/everything/combined/NEW_MI.M05812_0073.001.FLD0268.C3_culture_R2.fastq.gz
269.G3_culture	/ohta/tia.harrison/LatitudeProject/Run1and2/everything/combined/NEW_MI.M05812_0073.001.FLD0269.G3_culture_R1.fastq.gz	/ohta/tia.harrison/LatitudeProject/Run1and2/everything/combined/NEW_MI.M05812_0073.001.FLD0269.G3_culture_R2.fastq.gz
270.MIR107_culture	/ohta/tia.harrison/LatitudeProject/Run1and2/everything/combined/NEW_MI.M05812_0073.001.FLD0270.MIR107_culture_R1.fastq.gz	/ohta/tia.harrison/LatitudeProject/Run1and2/everything/combined/NEW_MI.M05812_0073.001.FLD0270.MIR107_culture_R2.fastq.gz
271.Q3_culture	/ohta/tia.harrison/LatitudeProject/Run1and2/everything/combined/NEW_MI.M05812_0073.001.FLD0271.Q3_culture_R1.fastq.gz	/ohta/tia.harrison/LatitudeProject/Run1and2/everything/combined/NEW_MI.M05812_0073.001.FLD0271.Q3_culture_R2.fastq.gz
272.S3_culture	/ohta/tia.harrison/LatitudeProject/Run1and2/everything/combined/NEW_MI.M05812_0073.001.FLD0272.S3_culture_R1.fastq.gz	/ohta/tia.harrison/LatitudeProject/Run1and2/everything/combined/NEW_MI.M05812_0073.001.FLD0272.S3_culture_R2.fastq.gz
273.BG4_culture	/ohta/tia.harrison/LatitudeProject/Run1and2/everything/combined/NEW_MI.M05812_0073.001.FLD0273.BG4_culture_R1.fastq.gz	/ohta/tia.harrison/LatitudeProject/Run1and2/everything/combined/NEW_MI.M05812_0073.001.FLD0273.BG4_culture_R2.fastq.gz
274.BJ3_culture	/ohta/tia.harrison/LatitudeProject/Run1and2/everything/combined/NEW_MI.M05812_0073.001.FLD0274.BJ3_culture_R1.fastq.gz	/ohta/tia.harrison/LatitudeProject/Run1and2/everything/combined/NEW_MI.M05812_0073.001.FLD0274.BJ3_culture_R2.fastq.gz
275.BN3_culture	/ohta/tia.harrison/LatitudeProject/Run1and2/everything/combined/NEW_MI.M05812_0073.001.FLD0275.BN3_culture_R1.fastq.gz	/ohta/tia.harrison/LatitudeProject/Run1and2/everything/combined/NEW_MI.M05812_0073.001.FLD0275.BN3_culture_R2.fastq.gz
276.C4_culture	/ohta/tia.harrison/LatitudeProject/Run1and2/everything/combined/NEW_MI.M05812_0073.001.FLD0276.C4_culture_R1.fastq.gz	/ohta/tia.harrison/LatitudeProject/Run1and2/everything/combined/NEW_MI.M05812_0073.001.FLD0276.C4_culture_R2.fastq.gz
277.G4_culture	/ohta/tia.harrison/LatitudeProject/Run1and2/everything/combined/NEW_MI.M05812_0073.001.FLD0277.G4_culture_R1.fastq.gz	/ohta/tia.harrison/LatitudeProject/Run1and2/everything/combined/NEW_MI.M05812_0073.001.FLD0277.G4_culture_R2.fastq.gz
278.MIR123_culture	/ohta/tia.harrison/LatitudeProject/Run1and2/everything/combined/NEW_MI.M05812_0073.001.FLD0278.MIR123_culture_R1.fastq.gz	/ohta/tia.harrison/LatitudeProject/Run1and2/everything/combined/NEW_MI.M05812_0073.001.FLD0278.MIR123_culture_R2.fastq.gz
279.Q4_culture	/ohta/tia.harrison/LatitudeProject/Run1and2/everything/combined/NEW_MI.M05812_0073.001.FLD0279.Q4_culture_R1.fastq.gz	/ohta/tia.harrison/LatitudeProject/Run1and2/everything/combined/NEW_MI.M05812_0073.001.FLD0279.Q4_culture_R2.fastq.gz
280.S4_culture	/ohta/tia.harrison/LatitudeProject/Run1and2/everything/combined/NEW_MI.M05812_0073.001.FLD0280.S4_culture_R1.fastq.gz	/ohta/tia.harrison/LatitudeProject/Run1and2/everything/combined/NEW_MI.M05812_0073.001.FLD0280.S4_culture_R2.fastq.gz
281.BG5_culture	/ohta/tia.harrison/LatitudeProject/Run1and2/everything/combined/NEW_MI.M05812_0073.001.FLD0281.BG5_culture_R1.fastq.gz	/ohta/tia.harrison/LatitudeProject/Run1and2/everything/combined/NEW_MI.M05812_0073.001.FLD0281.BG5_culture_R2.fastq.gz
282.BJ4_culture	/ohta/tia.harrison/LatitudeProject/Run1and2/everything/combined/NEW_MI.M05812_0073.001.FLD0282.BJ4_culture_R1.fastq.gz	/ohta/tia.harrison/LatitudeProject/Run1and2/everything/combined/NEW_MI.M05812_0073.001.FLD0282.BJ4_culture_R2.fastq.gz
283.BN4_culture	/ohta/tia.harrison/LatitudeProject/Run1and2/everything/combined/NEW_MI.M05812_0073.001.FLD0283.BN4_culture_R1.fastq.gz	/ohta/tia.harrison/LatitudeProject/Run1and2/everything/combined/NEW_MI.M05812_0073.001.FLD0283.BN4_culture_R2.fastq.gz
284.D1_culture	/ohta/tia.harrison/LatitudeProject/Run1and2/everything/combined/NEW_MI.M05812_0073.001.FLD0284.D1_culture_R1.fastq.gz	/ohta/tia.harrison/LatitudeProject/Run1and2/everything/combined/NEW_MI.M05812_0073.001.FLD0284.D1_culture_R2.fastq.gz
285.G5_culture	/ohta/tia.harrison/LatitudeProject/Run1and2/everything/combined/NEW_MI.M05812_0073.001.FLD0285.G5_culture_R1.fastq.gz	/ohta/tia.harrison/LatitudeProject/Run1and2/everything/combined/NEW_MI.M05812_0073.001.FLD0285.G5_culture_R2.fastq.gz
286.MIR135_culture	/ohta/tia.harrison/LatitudeProject/Run1and2/everything/combined/NEW_MI.M05812_0073.001.FLD0286.MIR135_culture_R1.fastq.gz	/ohta/tia.harrison/LatitudeProject/Run1and2/everything/combined/NEW_MI.M05812_0073.001.FLD0286.MIR135_culture_R2.fastq.gz
287.Q6_culture	/ohta/tia.harrison/LatitudeProject/Run1and2/everything/combined/NEW_MI.M05812_0073.001.FLD0287.Q6_culture_R1.fastq.gz	/ohta/tia.harrison/LatitudeProject/Run1and2/everything/combined/NEW_MI.M05812_0073.001.FLD0287.Q6_culture_R2.fastq.gz
288.single_S5_culture	/ohta/tia.harrison/LatitudeProject/Run1and2/everything/combined/NEW_MI.M05812_0073.001.FLD0288.single_S5_culture_R1.fastq.gz	/ohta/tia.harrison/LatitudeProject/Run1and2/everything/combined/NEW_MI.M05812_0073.001.FLD0288.single_S5_culture_R2.fastq.gz
289.S6_culture	/ohta/tia.harrison/LatitudeProject/Run1and2/everything/combined/NEW_MI.M05812_0073.001.FLD0289.S6_culture_R1.fastq.gz	/ohta/tia.harrison/LatitudeProject/Run1and2/everything/combined/NEW_MI.M05812_0073.001.FLD0289.S6_culture_R2.fastq.gz
290.T2_culture	/ohta/tia.harrison/LatitudeProject/Run1and2/everything/combined/NEW_MI.M05812_0073.001.FLD0290.T2_culture_R1.fastq.gz	/ohta/tia.harrison/LatitudeProject/Run1and2/everything/combined/NEW_MI.M05812_0073.001.FLD0290.T2_culture_R2.fastq.gz
291.U5_culture	/ohta/tia.harrison/LatitudeProject/Run1and2/everything/combined/NEW_MI.M05812_0073.001.FLD0291.U5_culture_R1.fastq.gz	/ohta/tia.harrison/LatitudeProject/Run1and2/everything/combined/NEW_MI.M05812_0073.001.FLD0291.U5_culture_R2.fastq.gz
292.W6_culture	/ohta/tia.harrison/LatitudeProject/Run1and2/everything/combined/NEW_MI.M05812_0073.001.FLD0292.W6_culture_R1.fastq.gz	/ohta/tia.harrison/LatitudeProject/Run1and2/everything/combined/NEW_MI.M05812_0073.001.FLD0292.W6_culture_R2.fastq.gz
293.N1_culture	/ohta/tia.harrison/LatitudeProject/Run1and2/everything/combined/NEW_MI.M05812_0073.001.FLD0293.N1_culture_R1.fastq.gz	/ohta/tia.harrison/LatitudeProject/Run1and2/everything/combined/NEW_MI.M05812_0073.001.FLD0293.N1_culture_R2.fastq.gz
294.N2_culture	/ohta/tia.harrison/LatitudeProject/Run1and2/everything/combined/NEW_MI.M05812_0073.001.FLD0294.N2_culture_R1.fastq.gz	/ohta/tia.harrison/LatitudeProject/Run1and2/everything/combined/NEW_MI.M05812_0073.001.FLD0294.N2_culture_R2.fastq.gz
297.S7_culture	/ohta/tia.harrison/LatitudeProject/Run1and2/everything/combined/NEW_MI.M05812_0073.001.FLD0297.S7_culture_R1.fastq.gz	/ohta/tia.harrison/LatitudeProject/Run1and2/everything/combined/NEW_MI.M05812_0073.001.FLD0297.S7_culture_R2.fastq.gz
298.T7_culture	/ohta/tia.harrison/LatitudeProject/Run1and2/everything/combined/NEW_MI.M05812_0073.001.FLD0298.T7_culture_R1.fastq.gz	/ohta/tia.harrison/LatitudeProject/Run1and2/everything/combined/NEW_MI.M05812_0073.001.FLD0298.T7_culture_R2.fastq.gz
299.U6_culture	/ohta/tia.harrison/LatitudeProject/Run1and2/everything/combined/NEW_MI.M05812_0073.001.FLD0299.U6_culture_R1.fastq.gz	/ohta/tia.harrison/LatitudeProject/Run1and2/everything/combined/NEW_MI.M05812_0073.001.FLD0299.U6_culture_R2.fastq.gz
300.X10_culture	/ohta/tia.harrison/LatitudeProject/Run1and2/everything/combined/NEW_MI.M05812_0073.001.FLD0300.X10_culture_R1.fastq.gz	/ohta/tia.harrison/LatitudeProject/Run1and2/everything/combined/NEW_MI.M05812_0073.001.FLD0300.X10_culture_R2.fastq.gz
301.Z2_culture	/ohta/tia.harrison/LatitudeProject/Run1and2/everything/combined/NEW_MI.M05812_0073.001.FLD0301.Z2_culture_R1.fastq.gz	/ohta/tia.harrison/LatitudeProject/Run1and2/everything/combined/NEW_MI.M05812_0073.001.FLD0301.Z2_culture_R2.fastq.gz
305.S8_culture	/ohta/tia.harrison/LatitudeProject/Run1and2/everything/combined/NEW_MI.M05812_0073.001.FLD0305.S8_culture_R1.fastq.gz	/ohta/tia.harrison/LatitudeProject/Run1and2/everything/combined/NEW_MI.M05812_0073.001.FLD0305.S8_culture_R2.fastq.gz
306.T8_culture	/ohta/tia.harrison/LatitudeProject/Run1and2/everything/combined/NEW_MI.M05812_0073.001.FLD0306.T8_culture_R1.fastq.gz	/ohta/tia.harrison/LatitudeProject/Run1and2/everything/combined/NEW_MI.M05812_0073.001.FLD0306.T8_culture_R2.fastq.gz
307.U7_culture	/ohta/tia.harrison/LatitudeProject/Run1and2/everything/combined/NEW_MI.M05812_0073.001.FLD0307.U7_culture_R1.fastq.gz	/ohta/tia.harrison/LatitudeProject/Run1and2/everything/combined/NEW_MI.M05812_0073.001.FLD0307.U7_culture_R2.fastq.gz
308.X2_culture	/ohta/tia.harrison/LatitudeProject/Run1and2/everything/combined/NEW_MI.M05812_0073.001.FLD0308.X2_culture_R1.fastq.gz	/ohta/tia.harrison/LatitudeProject/Run1and2/everything/combined/NEW_MI.M05812_0073.001.FLD0308.X2_culture_R2.fastq.gz
309.Z9_culture	/ohta/tia.harrison/LatitudeProject/Run1and2/everything/combined/NEW_MI.M05812_0073.001.FLD0309.Z9_culture_R1.fastq.gz	/ohta/tia.harrison/LatitudeProject/Run1and2/everything/combined/NEW_MI.M05812_0073.001.FLD0309.Z9_culture_R2.fastq.gz
313.S9_culture	/ohta/tia.harrison/LatitudeProject/Run1and2/everything/combined/NEW_MI.M05812_0073.001.FLD0313.S9_culture_R1.fastq.gz	/ohta/tia.harrison/LatitudeProject/Run1and2/everything/combined/NEW_MI.M05812_0073.001.FLD0313.S9_culture_R2.fastq.gz
314.T9_culture	/ohta/tia.harrison/LatitudeProject/Run1and2/everything/combined/NEW_MI.M05812_0073.001.FLD0314.T9_culture_R1.fastq.gz	/ohta/tia.harrison/LatitudeProject/Run1and2/everything/combined/NEW_MI.M05812_0073.001.FLD0314.T9_culture_R2.fastq.gz
315.U9_culture	/ohta/tia.harrison/LatitudeProject/Run1and2/everything/combined/NEW_MI.M05812_0073.001.FLD0315.U9_culture_R1.fastq.gz	/ohta/tia.harrison/LatitudeProject/Run1and2/everything/combined/NEW_MI.M05812_0073.001.FLD0315.U9_culture_R2.fastq.gz
316.X3_culture	/ohta/tia.harrison/LatitudeProject/Run1and2/everything/combined/NEW_MI.M05812_0073.001.FLD0316.X3_culture_R1.fastq.gz	/ohta/tia.harrison/LatitudeProject/Run1and2/everything/combined/NEW_MI.M05812_0073.001.FLD0316.X3_culture_R2.fastq.gz
317.single_D3_culture	/ohta/tia.harrison/LatitudeProject/Run1and2/everything/combined/NEW_MI.M05812_0073.001.FLD0317.single_D3_culture_R1.fastq.gz	/ohta/tia.harrison/LatitudeProject/Run1and2/everything/combined/NEW_MI.M05812_0073.001.FLD0317.single_D3_culture_R2.fastq.gz
321.STH1_culture	/ohta/tia.harrison/LatitudeProject/Run1and2/everything/combined/NEW_MI.M05812_0073.001.FLD0321.STH1_culture_R1.fastq.gz	/ohta/tia.harrison/LatitudeProject/Run1and2/everything/combined/NEW_MI.M05812_0073.001.FLD0321.STH1_culture_R2.fastq.gz
322.U11_culture	/ohta/tia.harrison/LatitudeProject/Run1and2/everything/combined/NEW_MI.M05812_0073.001.FLD0322.U11_culture_R1.fastq.gz	/ohta/tia.harrison/LatitudeProject/Run1and2/everything/combined/NEW_MI.M05812_0073.001.FLD0322.U11_culture_R2.fastq.gz
323.V1_culture	/ohta/tia.harrison/LatitudeProject/Run1and2/everything/combined/NEW_MI.M05812_0073.001.FLD0323.V1_culture_R1.fastq.gz	/ohta/tia.harrison/LatitudeProject/Run1and2/everything/combined/NEW_MI.M05812_0073.001.FLD0323.V1_culture_R2.fastq.gz
324.X6_culture	/ohta/tia.harrison/LatitudeProject/Run1and2/everything/combined/NEW_MI.M05812_0073.001.FLD0324.X6_culture_R1.fastq.gz	/ohta/tia.harrison/LatitudeProject/Run1and2/everything/combined/NEW_MI.M05812_0073.001.FLD0324.X6_culture_R2.fastq.gz
325.single_H8_culture	/ohta/tia.harrison/LatitudeProject/Run1and2/everything/combined/NEW_MI.M05812_0073.001.FLD0325.single_H8_culture_R1.fastq.gz	/ohta/tia.harrison/LatitudeProject/Run1and2/everything/combined/NEW_MI.M05812_0073.001.FLD0325.single_H8_culture_R2.fastq.gz
329.STH10_culture	/ohta/tia.harrison/LatitudeProject/Run1and2/everything/combined/NEW_MI.M05812_0073.001.FLD0329.STH10_culture_R1.fastq.gz	/ohta/tia.harrison/LatitudeProject/Run1and2/everything/combined/NEW_MI.M05812_0073.001.FLD0329.STH10_culture_R2.fastq.gz
330.U13_culture	/ohta/tia.harrison/LatitudeProject/Run1and2/everything/combined/NEW_MI.M05812_0073.001.FLD0330.U13_culture_R1.fastq.gz	/ohta/tia.harrison/LatitudeProject/Run1and2/everything/combined/NEW_MI.M05812_0073.001.FLD0330.U13_culture_R2.fastq.gz
331.V4_culture	/ohta/tia.harrison/LatitudeProject/Run1and2/everything/combined/NEW_MI.M05812_0073.001.FLD0331.V4_culture_R1.fastq.gz	/ohta/tia.harrison/LatitudeProject/Run1and2/everything/combined/NEW_MI.M05812_0073.001.FLD0331.V4_culture_R2.fastq.gz
332.X8_culture	/ohta/tia.harrison/LatitudeProject/Run1and2/everything/combined/NEW_MI.M05812_0073.001.FLD0332.X8_culture_R1.fastq.gz	/ohta/tia.harrison/LatitudeProject/Run1and2/everything/combined/NEW_MI.M05812_0073.001.FLD0332.X8_culture_R2.fastq.gz
333.single_K2_culture	/ohta/tia.harrison/LatitudeProject/Run1and2/everything/combined/NEW_MI.M05812_0073.001.FLD0333.single_K2_culture_R1.fastq.gz	/ohta/tia.harrison/LatitudeProject/Run1and2/everything/combined/NEW_MI.M05812_0073.001.FLD0333.single_K2_culture_R2.fastq.gz
337.STH11_culture	/ohta/tia.harrison/LatitudeProject/Run1and2/everything/combined/NEW_MI.M05812_0073.001.FLD0337.STH11_culture_R1.fastq.gz	/ohta/tia.harrison/LatitudeProject/Run1and2/everything/combined/NEW_MI.M05812_0073.001.FLD0337.STH11_culture_R2.fastq.gz
338.U15_culture	/ohta/tia.harrison/LatitudeProject/Run1and2/everything/combined/NEW_MI.M05812_0073.001.FLD0338.U15_culture_R1.fastq.gz	/ohta/tia.harrison/LatitudeProject/Run1and2/everything/combined/NEW_MI.M05812_0073.001.FLD0338.U15_culture_R2.fastq.gz
339.V5_culture	/ohta/tia.harrison/LatitudeProject/Run1and2/everything/combined/NEW_MI.M05812_0073.001.FLD0339.V5_culture_R1.fastq.gz	/ohta/tia.harrison/LatitudeProject/Run1and2/everything/combined/NEW_MI.M05812_0073.001.FLD0339.V5_culture_R2.fastq.gz
340.Y10_culture	/ohta/tia.harrison/LatitudeProject/Run1and2/everything/combined/NEW_MI.M05812_0073.001.FLD0340.Y10_culture_R1.fastq.gz	/ohta/tia.harrison/LatitudeProject/Run1and2/everything/combined/NEW_MI.M05812_0073.001.FLD0340.Y10_culture_R2.fastq.gz
341.single_Q2_culture	/ohta/tia.harrison/LatitudeProject/Run1and2/everything/combined/NEW_MI.M05812_0073.001.FLD0341.single_Q2_culture_R1.fastq.gz	/ohta/tia.harrison/LatitudeProject/Run1and2/everything/combined/NEW_MI.M05812_0073.001.FLD0341.single_Q2_culture_R2.fastq.gz
345.STH2_culture	/ohta/tia.harrison/LatitudeProject/Run1and2/everything/combined/NEW_MI.M05812_0073.001.FLD0345.STH2_culture_R1.fastq.gz	/ohta/tia.harrison/LatitudeProject/Run1and2/everything/combined/NEW_MI.M05812_0073.001.FLD0345.STH2_culture_R2.fastq.gz
346.U16_culture	/ohta/tia.harrison/LatitudeProject/Run1and2/everything/combined/NEW_MI.M05812_0073.001.FLD0346.U16_culture_R1.fastq.gz	/ohta/tia.harrison/LatitudeProject/Run1and2/everything/combined/NEW_MI.M05812_0073.001.FLD0346.U16_culture_R2.fastq.gz
347.V7_culture	/ohta/tia.harrison/LatitudeProject/Run1and2/everything/combined/NEW_MI.M05812_0073.001.FLD0347.V7_culture_R1.fastq.gz	/ohta/tia.harrison/LatitudeProject/Run1and2/everything/combined/NEW_MI.M05812_0073.001.FLD0347.V7_culture_R2.fastq.gz
348.Y11_culture	/ohta/tia.harrison/LatitudeProject/Run1and2/everything/combined/NEW_MI.M05812_0073.001.FLD0348.Y11_culture_R1.fastq.gz	/ohta/tia.harrison/LatitudeProject/Run1and2/everything/combined/NEW_MI.M05812_0073.001.FLD0348.Y11_culture_R2.fastq.gz
349.single_Q6_culture	/ohta/tia.harrison/LatitudeProject/Run1and2/everything/combined/NEW_MI.M05812_0073.001.FLD0349.single_Q6_culture_R1.fastq.gz	/ohta/tia.harrison/LatitudeProject/Run1and2/everything/combined/NEW_MI.M05812_0073.001.FLD0349.single_Q6_culture_R2.fastq.gz
353.STH23_culture	/ohta/tia.harrison/LatitudeProject/Run1and2/everything/combined/NEW_MI.M05812_0073.001.FLD0353.STH23_culture_R1.fastq.gz	/ohta/tia.harrison/LatitudeProject/Run1and2/everything/combined/NEW_MI.M05812_0073.001.FLD0353.STH23_culture_R2.fastq.gz
354.U17_culture	/ohta/tia.harrison/LatitudeProject/Run1and2/everything/combined/NEW_MI.M05812_0073.001.FLD0354.U17_culture_R1.fastq.gz	/ohta/tia.harrison/LatitudeProject/Run1and2/everything/combined/NEW_MI.M05812_0073.001.FLD0354.U17_culture_R2.fastq.gz
355.V9_culture	/ohta/tia.harrison/LatitudeProject/Run1and2/everything/combined/NEW_MI.M05812_0073.001.FLD0355.V9_culture_R1.fastq.gz	/ohta/tia.harrison/LatitudeProject/Run1and2/everything/combined/NEW_MI.M05812_0073.001.FLD0355.V9_culture_R2.fastq.gz
356.Y4_culture	/ohta/tia.harrison/LatitudeProject/Run1and2/everything/combined/NEW_MI.M05812_0073.001.FLD0356.Y4_culture_R1.fastq.gz	/ohta/tia.harrison/LatitudeProject/Run1and2/everything/combined/NEW_MI.M05812_0073.001.FLD0356.Y4_culture_R2.fastq.gz
357.single_T3_culture	/ohta/tia.harrison/LatitudeProject/Run1and2/everything/combined/NEW_MI.M05812_0073.001.FLD0357.single_T3_culture_R1.fastq.gz	/ohta/tia.harrison/LatitudeProject/Run1and2/everything/combined/NEW_MI.M05812_0073.001.FLD0357.single_T3_culture_R2.fastq.gz
361.STH8_culture	/ohta/tia.harrison/LatitudeProject/Run1and2/everything/combined/NEW_MI.M05812_0073.001.FLD0361.STH8_culture_R1.fastq.gz	/ohta/tia.harrison/LatitudeProject/Run1and2/everything/combined/NEW_MI.M05812_0073.001.FLD0361.STH8_culture_R2.fastq.gz
362.U18_culture	/ohta/tia.harrison/LatitudeProject/Run1and2/everything/combined/NEW_MI.M05812_0073.001.FLD0362.U18_culture_R1.fastq.gz	/ohta/tia.harrison/LatitudeProject/Run1and2/everything/combined/NEW_MI.M05812_0073.001.FLD0362.U18_culture_R2.fastq.gz
363.W1_culture	/ohta/tia.harrison/LatitudeProject/Run1and2/everything/combined/NEW_MI.M05812_0073.001.FLD0363.W1_culture_R1.fastq.gz	/ohta/tia.harrison/LatitudeProject/Run1and2/everything/combined/NEW_MI.M05812_0073.001.FLD0363.W1_culture_R2.fastq.gz
364.Y5_culture	/ohta/tia.harrison/LatitudeProject/Run1and2/everything/combined/NEW_MI.M05812_0073.001.FLD0364.Y5_culture_R1.fastq.gz	/ohta/tia.harrison/LatitudeProject/Run1and2/everything/combined/NEW_MI.M05812_0073.001.FLD0364.Y5_culture_R2.fastq.gz
365.single_BI9_culture	/ohta/tia.harrison/LatitudeProject/Run1and2/everything/combined/NEW_MI.M05812_0073.001.FLD0365.single_BI9_culture_R1.fastq.gz	/ohta/tia.harrison/LatitudeProject/Run1and2/everything/combined/NEW_MI.M05812_0073.001.FLD0365.single_BI9_culture_R2.fastq.gz
369.T1_culture	/ohta/tia.harrison/LatitudeProject/Run1and2/everything/combined/NEW_MI.M05812_0073.001.FLD0369.T1_culture_R1.fastq.gz	/ohta/tia.harrison/LatitudeProject/Run1and2/everything/combined/NEW_MI.M05812_0073.001.FLD0369.T1_culture_R2.fastq.gz
370.U19_culture	/ohta/tia.harrison/LatitudeProject/Run1and2/everything/combined/NEW_MI.M05812_0073.001.FLD0370.U19_culture_R1.fastq.gz	/ohta/tia.harrison/LatitudeProject/Run1and2/everything/combined/NEW_MI.M05812_0073.001.FLD0370.U19_culture_R2.fastq.gz
371.W2_culture	/ohta/tia.harrison/LatitudeProject/Run1and2/everything/combined/NEW_MI.M05812_0073.001.FLD0371.W2_culture_R1.fastq.gz	/ohta/tia.harrison/LatitudeProject/Run1and2/everything/combined/NEW_MI.M05812_0073.001.FLD0371.W2_culture_R2.fastq.gz
372.Y6_culture	/ohta/tia.harrison/LatitudeProject/Run1and2/everything/combined/NEW_MI.M05812_0073.001.FLD0372.Y6_culture_R1.fastq.gz	/ohta/tia.harrison/LatitudeProject/Run1and2/everything/combined/NEW_MI.M05812_0073.001.FLD0372.Y6_culture_R2.fastq.gz
373.single_STH1_culture	/ohta/tia.harrison/LatitudeProject/Run1and2/everything/combined/NEW_MI.M05812_0073.001.FLD0373.single_STH1_culture_R1.fastq.gz	/ohta/tia.harrison/LatitudeProject/Run1and2/everything/combined/NEW_MI.M05812_0073.001.FLD0373.single_STH1_culture_R2.fastq.gz
377.T11_culture	/ohta/tia.harrison/LatitudeProject/Run1and2/everything/combined/NEW_MI.M05812_0073.001.FLD0377.T11_culture_R1.fastq.gz	/ohta/tia.harrison/LatitudeProject/Run1and2/everything/combined/NEW_MI.M05812_0073.001.FLD0377.T11_culture_R2.fastq.gz
378.U4_culture	/ohta/tia.harrison/LatitudeProject/Run1and2/everything/combined/NEW_MI.M05812_0073.001.FLD0378.U4_culture_R1.fastq.gz	/ohta/tia.harrison/LatitudeProject/Run1and2/everything/combined/NEW_MI.M05812_0073.001.FLD0378.U4_culture_R2.fastq.gz
379.W5_culture	/ohta/tia.harrison/LatitudeProject/Run1and2/everything/combined/NEW_MI.M05812_0073.001.FLD0379.W5_culture_R1.fastq.gz	/ohta/tia.harrison/LatitudeProject/Run1and2/everything/combined/NEW_MI.M05812_0073.001.FLD0379.W5_culture_R2.fastq.gz
380.Y8_culture	/ohta/tia.harrison/LatitudeProject/Run1and2/everything/combined/NEW_MI.M05812_0073.001.FLD0380.Y8_culture_R1.fastq.gz	/ohta/tia.harrison/LatitudeProject/Run1and2/everything/combined/NEW_MI.M05812_0073.001.FLD0380.Y8_culture_R2.fastq.gz
381.single_BA3_culture	/ohta/tia.harrison/LatitudeProject/Run1and2/everything/combined/NEW_MI.M05812_0073.001.FLD0381.single_BA3_culture_R1.fastq.gz	/ohta/tia.harrison/LatitudeProject/Run1and2/everything/combined/NEW_MI.M05812_0073.001.FLD0381.single_BA3_culture_R2.fastq.gz
